test_id,test_index,n,expected,file,ok,exit_code,got,stderr,runtime_s
sample-1,0,4,17,tienks.cpp,True,0,17,,0.3768227000036859
sample-1,0,4,17,TIENKS.cpp,True,0,17,,0.19792669999878854
sample-1,0,4,17,TIENKS.cpp,True,0,17,,0.021532000006118324
sample-1,0,4,17,TIENKS.cpp,True,0,17,,0.02051969999592984
sample-1,0,4,17,TIENKS.cpp,True,0,17,,0.01882540000224253
sample-1,0,4,17,TIENKS.cpp,True,0,17,,0.023831200000131503
single-interval,1,1,100,tienks.cpp,True,0,100,,0.021454599998833146
single-interval,1,1,100,TIENKS.cpp,True,0,100,,0.020704700000351295
single-interval,1,1,100,TIENKS.cpp,True,0,100,,0.026242899999488145
single-interval,1,1,100,TIENKS.cpp,True,0,100,,0.03834630000346806
single-interval,1,1,100,TIENKS.cpp,True,0,100,,0.01844100000016624
single-interval,1,1,100,TIENKS.cpp,True,0,100,,0.028727400000207126
disjoint,2,3,18,tienks.cpp,True,0,18,,0.02604629999405006
disjoint,2,3,18,TIENKS.cpp,True,0,18,,0.028619400000025053
disjoint,2,3,18,TIENKS.cpp,True,0,18,,0.022203299995453563
disjoint,2,3,18,TIENKS.cpp,True,0,18,,0.018488000001525506
disjoint,2,3,18,TIENKS.cpp,True,0,18,,0.02027079999970738
disjoint,2,3,18,TIENKS.cpp,True,0,18,,0.018790500005707145
nested,3,3,100,tienks.cpp,True,0,100,,0.02084859999740729
nested,3,3,100,TIENKS.cpp,True,0,100,,0.05204529999900842
nested,3,3,100,TIENKS.cpp,True,0,100,,0.024094699998386204
nested,3,3,100,TIENKS.cpp,True,0,100,,0.03732550000131596
nested,3,3,100,TIENKS.cpp,True,0,100,,0.037834200003999285
nested,3,3,100,TIENKS.cpp,True,0,100,,0.054032799998822156
same-ends,4,3,17,tienks.cpp,True,0,17,,0.026334599999245256
same-ends,4,3,17,TIENKS.cpp,True,0,17,,0.02057760000025155
same-ends,4,3,17,TIENKS.cpp,True,0,17,,0.02475439999398077
same-ends,4,3,17,TIENKS.cpp,True,0,17,,0.020830499997828156
same-ends,4,3,17,TIENKS.cpp,True,0,17,,0.0185672000006889
same-ends,4,3,17,TIENKS.cpp,True,0,17,,0.02574540000205161
rand-0,5,37,4976,tienks.cpp,True,0,4976,,0.02403010000125505
rand-0,5,37,4976,TIENKS.cpp,True,0,4976,,0.022240300000703428
rand-0,5,37,4976,TIENKS.cpp,True,0,4976,,0.025607299998227973
rand-0,5,37,4976,TIENKS.cpp,True,0,4976,,0.018101800000295043
rand-0,5,37,4976,TIENKS.cpp,True,0,4976,,0.019251300000178162
rand-0,5,37,4976,TIENKS.cpp,True,0,4976,,0.021519500005524606
rand-1,6,79,5320,tienks.cpp,True,0,5320,,0.03075110000645509
rand-1,6,79,5320,TIENKS.cpp,True,0,5320,,0.017162399999506306
rand-1,6,79,5320,TIENKS.cpp,True,0,5320,,0.020835299997997936
rand-1,6,79,5320,TIENKS.cpp,True,0,5320,,0.01870500000222819
rand-1,6,79,5320,TIENKS.cpp,True,0,5320,,0.02234600000520004
rand-1,6,79,5320,TIENKS.cpp,True,0,5320,,0.0239408999987063
rand-2,7,75,6719,tienks.cpp,True,0,6719,,0.022275299998000264
rand-2,7,75,6719,TIENKS.cpp,True,0,6719,,0.024979599998914637
rand-2,7,75,6719,TIENKS.cpp,True,0,6719,,0.022158100000524428
rand-2,7,75,6719,TIENKS.cpp,True,0,6719,,0.021144799997273367
rand-2,7,75,6719,TIENKS.cpp,True,0,6719,,0.019454299996141344
rand-2,7,75,6719,TIENKS.cpp,True,0,6719,,0.022293599999102298
rand-3,8,42,4734,tienks.cpp,True,0,4734,,0.01932880000094883
rand-3,8,42,4734,TIENKS.cpp,True,0,4734,,0.01739149999775691
rand-3,8,42,4734,TIENKS.cpp,True,0,4734,,0.022314100002404302
rand-3,8,42,4734,TIENKS.cpp,True,0,4734,,0.019864599998982158
rand-3,8,42,4734,TIENKS.cpp,True,0,4734,,0.021991399997205008
rand-3,8,42,4734,TIENKS.cpp,True,0,4734,,0.019265399998403154
rand-4,9,60,5569,tienks.cpp,True,0,5569,,0.021551199999521486
rand-4,9,60,5569,TIENKS.cpp,True,0,5569,,0.02146090000314871
rand-4,9,60,5569,TIENKS.cpp,True,0,5569,,0.01947360000485787
rand-4,9,60,5569,TIENKS.cpp,True,0,5569,,0.01968250000209082
rand-4,9,60,5569,TIENKS.cpp,True,0,5569,,0.023280900000827387
rand-4,9,60,5569,TIENKS.cpp,True,0,5569,,0.02107899999828078
rand-5,10,43,4895,tienks.cpp,True,0,4895,,0.022123199996713083
rand-5,10,43,4895,TIENKS.cpp,True,0,4895,,0.016971199998806696
rand-5,10,43,4895,TIENKS.cpp,True,0,4895,,0.02027230000385316
rand-5,10,43,4895,TIENKS.cpp,True,0,4895,,0.024431400001049042
rand-5,10,43,4895,TIENKS.cpp,True,0,4895,,0.01946999999927357
rand-5,10,43,4895,TIENKS.cpp,True,0,4895,,0.01866139999765437
rand-6,11,96,5469,tienks.cpp,True,0,5469,,0.018104199996741954
rand-6,11,96,5469,TIENKS.cpp,True,0,5469,,0.022100999995018356
rand-6,11,96,5469,TIENKS.cpp,True,0,5469,,0.018689399999857415
rand-6,11,96,5469,TIENKS.cpp,True,0,5469,,0.019634600001154467
rand-6,11,96,5469,TIENKS.cpp,True,0,5469,,0.021622500004014
rand-6,11,96,5469,TIENKS.cpp,True,0,5469,,0.02038190000166651
rand-7,12,40,3202,tienks.cpp,True,0,3202,,0.01855539999814937
rand-7,12,40,3202,TIENKS.cpp,True,0,3202,,0.017908100002387073
rand-7,12,40,3202,TIENKS.cpp,True,0,3202,,0.022380300004442688
rand-7,12,40,3202,TIENKS.cpp,True,0,3202,,0.021148199994058814
rand-7,12,40,3202,TIENKS.cpp,True,0,3202,,0.020746499998494983
rand-7,12,40,3202,TIENKS.cpp,True,0,3202,,0.021411100002296735
rand-8,13,43,4389,tienks.cpp,True,0,4389,,0.01873939999495633
rand-8,13,43,4389,TIENKS.cpp,True,0,4389,,0.028572899995197076
rand-8,13,43,4389,TIENKS.cpp,True,0,4389,,0.22297450000041863
rand-8,13,43,4389,TIENKS.cpp,True,0,4389,,0.06783020000148099
rand-8,13,43,4389,TIENKS.cpp,True,0,4389,,0.034442999996826984
rand-8,13,43,4389,TIENKS.cpp,True,0,4389,,0.022736600003554486
rand-9,14,54,6347,tienks.cpp,True,0,6347,,0.021135899994987994
rand-9,14,54,6347,TIENKS.cpp,True,0,6347,,0.028456699998059776
rand-9,14,54,6347,TIENKS.cpp,True,0,6347,,0.023839300003601238
rand-9,14,54,6347,TIENKS.cpp,True,0,6347,,0.02012300000205869
rand-9,14,54,6347,TIENKS.cpp,True,0,6347,,0.02862690000620205
rand-9,14,54,6347,TIENKS.cpp,True,0,6347,,0.026235999997879844
rand-10,15,33,3343,tienks.cpp,True,0,3343,,0.018391500001598615
rand-10,15,33,3343,TIENKS.cpp,True,0,3343,,0.021566099996562116
rand-10,15,33,3343,TIENKS.cpp,True,0,3343,,0.018723799999861512
rand-10,15,33,3343,TIENKS.cpp,True,0,3343,,0.019300400002975948
rand-10,15,33,3343,TIENKS.cpp,True,0,3343,,0.021662699997250456
rand-10,15,33,3343,TIENKS.cpp,True,0,3343,,0.01424780000525061
rand-11,16,97,6680,tienks.cpp,True,0,6680,,0.02041810000082478
rand-11,16,97,6680,TIENKS.cpp,True,0,6680,,0.01460159999987809
rand-11,16,97,6680,TIENKS.cpp,True,0,6680,,0.017756600005668588
rand-11,16,97,6680,TIENKS.cpp,True,0,6680,,0.016402399996877648
rand-11,16,97,6680,TIENKS.cpp,True,0,6680,,0.01624939999601338
rand-11,16,97,6680,TIENKS.cpp,True,0,6680,,0.01752690000284929
rand-12,17,68,6359,tienks.cpp,True,0,6359,,0.01944510000612354
rand-12,17,68,6359,TIENKS.cpp,True,0,6359,,0.016001000003598165
rand-12,17,68,6359,TIENKS.cpp,True,0,6359,,0.015293299999029841
rand-12,17,68,6359,TIENKS.cpp,True,0,6359,,0.01773670000693528
rand-12,17,68,6359,TIENKS.cpp,True,0,6359,,0.020434099998965394
rand-12,17,68,6359,TIENKS.cpp,True,0,6359,,0.01923959999840008
rand-13,18,71,4285,tienks.cpp,True,0,4285,,0.017235599996638484
rand-13,18,71,4285,TIENKS.cpp,True,0,4285,,0.025179199998092372
rand-13,18,71,4285,TIENKS.cpp,True,0,4285,,0.01832760000252165
rand-13,18,71,4285,TIENKS.cpp,True,0,4285,,0.015323100000387058
rand-13,18,71,4285,TIENKS.cpp,True,0,4285,,0.016584999997576233
rand-13,18,71,4285,TIENKS.cpp,True,0,4285,,0.017925000000104774
rand-14,19,95,7867,tienks.cpp,True,0,7867,,0.019368700006452855
rand-14,19,95,7867,TIENKS.cpp,True,0,7867,,0.026671300001908094
rand-14,19,95,7867,TIENKS.cpp,True,0,7867,,0.01598809999995865
rand-14,19,95,7867,TIENKS.cpp,True,0,7867,,0.11812880000070436
rand-14,19,95,7867,TIENKS.cpp,True,0,7867,,0.02579890000197338
rand-14,19,95,7867,TIENKS.cpp,True,0,7867,,0.026195200000074692
rand-15,20,80,7661,tienks.cpp,True,0,7661,,0.01709320000372827
rand-15,20,80,7661,TIENKS.cpp,True,0,7661,,0.02300670000113314
rand-15,20,80,7661,TIENKS.cpp,True,0,7661,,0.030745600000955164
rand-15,20,80,7661,TIENKS.cpp,True,0,7661,,0.027232000000367407
rand-15,20,80,7661,TIENKS.cpp,True,0,7661,,0.018742599997494835
rand-15,20,80,7661,TIENKS.cpp,True,0,7661,,0.021837799999048002
rand-16,21,33,6793,tienks.cpp,True,0,6793,,0.024481000000378117
rand-16,21,33,6793,TIENKS.cpp,True,0,6793,,0.018633899999258574
rand-16,21,33,6793,TIENKS.cpp,True,0,6793,,0.020366699995065574
rand-16,21,33,6793,TIENKS.cpp,True,0,6793,,0.01636379999399651
rand-16,21,33,6793,TIENKS.cpp,True,0,6793,,0.027610899996943772
rand-16,21,33,6793,TIENKS.cpp,True,0,6793,,0.021629399998346344
rand-17,22,19,1237,tienks.cpp,True,0,1237,,0.01902420000260463
rand-17,22,19,1237,TIENKS.cpp,True,0,1237,,0.021620800005621277
rand-17,22,19,1237,TIENKS.cpp,True,0,1237,,0.031403300003148615
rand-17,22,19,1237,TIENKS.cpp,True,0,1237,,0.023153299996920396
rand-17,22,19,1237,TIENKS.cpp,True,0,1237,,0.032891399998334236
rand-17,22,19,1237,TIENKS.cpp,True,0,1237,,0.022422200003347825
rand-18,23,68,6004,tienks.cpp,True,0,6004,,0.570900899998378
rand-18,23,68,6004,TIENKS.cpp,True,0,6004,,0.0404634000005899
rand-18,23,68,6004,TIENKS.cpp,True,0,6004,,0.07102689999737777
rand-18,23,68,6004,TIENKS.cpp,True,0,6004,,0.04811399999744026
rand-18,23,68,6004,TIENKS.cpp,True,0,6004,,0.0400523999996949
rand-18,23,68,6004,TIENKS.cpp,True,0,6004,,0.05190739999670768
rand-19,24,99,7113,tienks.cpp,True,0,7113,,0.02829840000049444
rand-19,24,99,7113,TIENKS.cpp,True,0,7113,,0.02106869999988703
rand-19,24,99,7113,TIENKS.cpp,True,0,7113,,0.0247391000011703
rand-19,24,99,7113,TIENKS.cpp,True,0,7113,,0.016815400005725678
rand-19,24,99,7113,TIENKS.cpp,True,0,7113,,0.019350100003066473
rand-19,24,99,7113,TIENKS.cpp,True,0,7113,,0.022117000000434928
rand-20,25,95,5495,tienks.cpp,True,0,5495,,0.022297499999694992
rand-20,25,95,5495,TIENKS.cpp,True,0,5495,,0.02179969999997411
rand-20,25,95,5495,TIENKS.cpp,True,0,5495,,0.028519600004074164
rand-20,25,95,5495,TIENKS.cpp,True,0,5495,,0.035049899997829925
rand-20,25,95,5495,TIENKS.cpp,True,0,5495,,0.11626999999862164
rand-20,25,95,5495,TIENKS.cpp,True,0,5495,,0.038894299999810755
rand-21,26,76,4100,tienks.cpp,True,0,4100,,0.031268099999579135
rand-21,26,76,4100,TIENKS.cpp,True,0,4100,,0.028140199996414594
rand-21,26,76,4100,TIENKS.cpp,True,0,4100,,0.030754600004001986
rand-21,26,76,4100,TIENKS.cpp,True,0,4100,,0.029915699997218326
rand-21,26,76,4100,TIENKS.cpp,True,0,4100,,0.027033300000766758
rand-21,26,76,4100,TIENKS.cpp,True,0,4100,,0.07172590000118362
rand-22,27,97,7104,tienks.cpp,True,0,7104,,0.04257749999669613
rand-22,27,97,7104,TIENKS.cpp,True,0,7104,,0.06150339999294374
rand-22,27,97,7104,TIENKS.cpp,True,0,7104,,0.146282900001097
rand-22,27,97,7104,TIENKS.cpp,True,0,7104,,0.14727139999740757
rand-22,27,97,7104,TIENKS.cpp,True,0,7104,,0.03409989999636309
rand-22,27,97,7104,TIENKS.cpp,True,0,7104,,0.04166980000445619
rand-23,28,14,1763,tienks.cpp,True,0,1763,,0.019236699998145923
rand-23,28,14,1763,TIENKS.cpp,True,0,1763,,0.020786699999007396
rand-23,28,14,1763,TIENKS.cpp,True,0,1763,,0.020389800003613345
rand-23,28,14,1763,TIENKS.cpp,True,0,1763,,0.023380999999062624
rand-23,28,14,1763,TIENKS.cpp,True,0,1763,,0.02204910000000382
rand-23,28,14,1763,TIENKS.cpp,True,0,1763,,0.05112820000067586
rand-24,29,28,3296,tienks.cpp,True,0,3296,,0.045448899996699765
rand-24,29,28,3296,TIENKS.cpp,True,0,3296,,0.0238004999991972
rand-24,29,28,3296,TIENKS.cpp,True,0,3296,,0.021772000000055414
rand-24,29,28,3296,TIENKS.cpp,True,0,3296,,0.01976890000514686
rand-24,29,28,3296,TIENKS.cpp,True,0,3296,,0.019448999999440275
rand-24,29,28,3296,TIENKS.cpp,True,0,3296,,0.020808000001125038
rand-25,30,14,3408,tienks.cpp,True,0,3408,,0.03308390000165673
rand-25,30,14,3408,TIENKS.cpp,True,0,3408,,0.0236259000012069
rand-25,30,14,3408,TIENKS.cpp,True,0,3408,,0.021553699996729847
rand-25,30,14,3408,TIENKS.cpp,True,0,3408,,0.0202244999964023
rand-25,30,14,3408,TIENKS.cpp,True,0,3408,,0.0251845000020694
rand-25,30,14,3408,TIENKS.cpp,True,0,3408,,0.023368400004983414
rand-26,31,29,4190,tienks.cpp,True,0,4190,,0.01897140000073705
rand-26,31,29,4190,TIENKS.cpp,True,0,4190,,0.022517599994898774
rand-26,31,29,4190,TIENKS.cpp,True,0,4190,,0.03296229999978095
rand-26,31,29,4190,TIENKS.cpp,True,0,4190,,0.025297599997429643
rand-26,31,29,4190,TIENKS.cpp,True,0,4190,,0.020293499997933395
rand-26,31,29,4190,TIENKS.cpp,True,0,4190,,0.021493799999007024
rand-27,32,16,2410,tienks.cpp,True,0,2410,,0.019176199995854404
rand-27,32,16,2410,TIENKS.cpp,True,0,2410,,0.18081900000106543
rand-27,32,16,2410,TIENKS.cpp,True,0,2410,,0.05490210000425577
rand-27,32,16,2410,TIENKS.cpp,True,0,2410,,0.03230510000139475
rand-27,32,16,2410,TIENKS.cpp,True,0,2410,,0.03909889999340521
rand-27,32,16,2410,TIENKS.cpp,True,0,2410,,0.0341370999958599
rand-28,33,76,6214,tienks.cpp,True,0,6214,,0.02598750000470318
rand-28,33,76,6214,TIENKS.cpp,True,0,6214,,0.025009099997987505
rand-28,33,76,6214,TIENKS.cpp,True,0,6214,,0.07842700000037439
rand-28,33,76,6214,TIENKS.cpp,True,0,6214,,0.028248900001926813
rand-28,33,76,6214,TIENKS.cpp,True,0,6214,,0.019400999997742474
rand-28,33,76,6214,TIENKS.cpp,True,0,6214,,0.020857600000454113
rand-29,34,66,5850,tienks.cpp,True,0,5850,,0.019487600002321415
rand-29,34,66,5850,TIENKS.cpp,True,0,5850,,0.020299800002248958
rand-29,34,66,5850,TIENKS.cpp,True,0,5850,,0.02035520000208635
rand-29,34,66,5850,TIENKS.cpp,True,0,5850,,0.02152840000053402
rand-29,34,66,5850,TIENKS.cpp,True,0,5850,,0.02889560000039637
rand-29,34,66,5850,TIENKS.cpp,True,0,5850,,0.024099499998555984
rand-30,35,49,4428,tienks.cpp,True,0,4428,,0.023970900001586415
rand-30,35,49,4428,TIENKS.cpp,True,0,4428,,0.02027970000199275
rand-30,35,49,4428,TIENKS.cpp,True,0,4428,,0.019554500002413988
rand-30,35,49,4428,TIENKS.cpp,True,0,4428,,0.7226565999953891
rand-30,35,49,4428,TIENKS.cpp,True,0,4428,,0.027312199999869335
rand-30,35,49,4428,TIENKS.cpp,True,0,4428,,0.02219649999460671
rand-31,36,6,1071,tienks.cpp,True,0,1071,,0.019482999996398576
rand-31,36,6,1071,TIENKS.cpp,True,0,1071,,0.022640499999397434
rand-31,36,6,1071,TIENKS.cpp,True,0,1071,,0.02596379999886267
rand-31,36,6,1071,TIENKS.cpp,True,0,1071,,0.03202880000026198
rand-31,36,6,1071,TIENKS.cpp,True,0,1071,,0.027583499999309424
rand-31,36,6,1071,TIENKS.cpp,True,0,1071,,0.020513999996182974
rand-32,37,13,2469,tienks.cpp,True,0,2469,,0.016114400001242757
rand-32,37,13,2469,TIENKS.cpp,True,0,2469,,0.3070826000039233
rand-32,37,13,2469,TIENKS.cpp,True,0,2469,,0.02882790000148816
rand-32,37,13,2469,TIENKS.cpp,True,0,2469,,0.0299312999995891
rand-32,37,13,2469,TIENKS.cpp,True,0,2469,,0.020012100001622457
rand-32,37,13,2469,TIENKS.cpp,True,0,2469,,0.020770600000105333
rand-33,38,13,2503,tienks.cpp,True,0,2503,,0.018360999994911253
rand-33,38,13,2503,TIENKS.cpp,True,0,2503,,0.017690499997115694
rand-33,38,13,2503,TIENKS.cpp,True,0,2503,,0.018006700003752485
rand-33,38,13,2503,TIENKS.cpp,True,0,2503,,0.019027300004381686
rand-33,38,13,2503,TIENKS.cpp,True,0,2503,,0.07626100000197766
rand-33,38,13,2503,TIENKS.cpp,True,0,2503,,0.01982049999787705
rand-34,39,30,3574,tienks.cpp,True,0,3574,,0.022013900001184084
rand-34,39,30,3574,TIENKS.cpp,True,0,3574,,0.01579969999875175
rand-34,39,30,3574,TIENKS.cpp,True,0,3574,,0.029644199996255338
rand-34,39,30,3574,TIENKS.cpp,True,0,3574,,0.02867629999673227
rand-34,39,30,3574,TIENKS.cpp,True,0,3574,,0.03575760000239825
rand-34,39,30,3574,TIENKS.cpp,True,0,3574,,0.017494300001999363
rand-35,40,52,5315,tienks.cpp,True,0,5315,,0.36610810000274796
rand-35,40,52,5315,TIENKS.cpp,True,0,5315,,0.041649999999208376
rand-35,40,52,5315,TIENKS.cpp,True,0,5315,,0.04201080000348156
rand-35,40,52,5315,TIENKS.cpp,True,0,5315,,0.05576170000131242
rand-35,40,52,5315,TIENKS.cpp,True,0,5315,,0.11257679999835091
rand-35,40,52,5315,TIENKS.cpp,True,0,5315,,0.0454187999930582
rand-36,41,92,5969,tienks.cpp,True,0,5969,,0.022016499999153893
rand-36,41,92,5969,TIENKS.cpp,True,0,5969,,0.01940850000391947
rand-36,41,92,5969,TIENKS.cpp,True,0,5969,,0.022942900002817623
rand-36,41,92,5969,TIENKS.cpp,True,0,5969,,0.021391499998571817
rand-36,41,92,5969,TIENKS.cpp,True,0,5969,,0.024306400002387818
rand-36,41,92,5969,TIENKS.cpp,True,0,5969,,0.029194000002462417
rand-37,42,94,4305,tienks.cpp,True,0,4305,,0.02257320000353502
rand-37,42,94,4305,TIENKS.cpp,True,0,4305,,0.07309479999821633
rand-37,42,94,4305,TIENKS.cpp,True,0,4305,,0.030038100005185697
rand-37,42,94,4305,TIENKS.cpp,True,0,4305,,0.02532010000140872
rand-37,42,94,4305,TIENKS.cpp,True,0,4305,,0.028863899999123532
rand-37,42,94,4305,TIENKS.cpp,True,0,4305,,0.03233560000080615
rand-38,43,22,3359,tienks.cpp,True,0,3359,,0.05590460000530584
rand-38,43,22,3359,TIENKS.cpp,True,0,3359,,0.029281299997819588
rand-38,43,22,3359,TIENKS.cpp,True,0,3359,,0.01987109999754466
rand-38,43,22,3359,TIENKS.cpp,True,0,3359,,0.017436699999962002
rand-38,43,22,3359,TIENKS.cpp,True,0,3359,,0.017739299997629132
rand-38,43,22,3359,TIENKS.cpp,True,0,3359,,0.01684610000665998
rand-39,44,10,1425,tienks.cpp,True,0,1425,,0.01649859999452019
rand-39,44,10,1425,TIENKS.cpp,True,0,1425,,0.02450890000181971
rand-39,44,10,1425,TIENKS.cpp,True,0,1425,,0.03024349999759579
rand-39,44,10,1425,TIENKS.cpp,True,0,1425,,0.02044630000455072
rand-39,44,10,1425,TIENKS.cpp,True,0,1425,,0.019557599996915087
rand-39,44,10,1425,TIENKS.cpp,True,0,1425,,0.021170299994992092
rand-40,45,61,3151,tienks.cpp,True,0,3151,,0.028814500001317356
rand-40,45,61,3151,TIENKS.cpp,True,0,3151,,0.03171979999751784
rand-40,45,61,3151,TIENKS.cpp,True,0,3151,,0.02258840000286
rand-40,45,61,3151,TIENKS.cpp,True,0,3151,,0.027846400000271387
rand-40,45,61,3151,TIENKS.cpp,True,0,3151,,0.026689700003771577
rand-40,45,61,3151,TIENKS.cpp,True,0,3151,,0.02365470000222558
rand-41,46,31,3344,tienks.cpp,True,0,3344,,0.021967000000586268
rand-41,46,31,3344,TIENKS.cpp,True,0,3344,,0.02870009999605827
rand-41,46,31,3344,TIENKS.cpp,True,0,3344,,0.025071900003240444
rand-41,46,31,3344,TIENKS.cpp,True,0,3344,,0.021740199998021126
rand-41,46,31,3344,TIENKS.cpp,True,0,3344,,0.025093299998843577
rand-41,46,31,3344,TIENKS.cpp,True,0,3344,,0.02842860000237124
rand-42,47,41,5119,tienks.cpp,True,0,5119,,0.02097959999809973
rand-42,47,41,5119,TIENKS.cpp,True,0,5119,,0.020905499994114507
rand-42,47,41,5119,TIENKS.cpp,True,0,5119,,0.020970100005797576
rand-42,47,41,5119,TIENKS.cpp,True,0,5119,,0.027743300001020543
rand-42,47,41,5119,TIENKS.cpp,True,0,5119,,0.023440700002538506
rand-42,47,41,5119,TIENKS.cpp,True,0,5119,,0.017883900000015274
rand-43,48,58,5212,tienks.cpp,True,0,5212,,0.021124999999301508
rand-43,48,58,5212,TIENKS.cpp,True,0,5212,,0.019444200006546453
rand-43,48,58,5212,TIENKS.cpp,True,0,5212,,0.01777389999915613
rand-43,48,58,5212,TIENKS.cpp,True,0,5212,,0.018976899998961017
rand-43,48,58,5212,TIENKS.cpp,True,0,5212,,0.0239140000048792
rand-43,48,58,5212,TIENKS.cpp,True,0,5212,,0.026194599995505996
rand-44,49,96,5364,tienks.cpp,True,0,5364,,0.036603100001229905
rand-44,49,96,5364,TIENKS.cpp,True,0,5364,,0.028718399997160304
rand-44,49,96,5364,TIENKS.cpp,True,0,5364,,0.02028029999928549
rand-44,49,96,5364,TIENKS.cpp,True,0,5364,,0.021940899998298846
rand-44,49,96,5364,TIENKS.cpp,True,0,5364,,0.03296080000291113
rand-44,49,96,5364,TIENKS.cpp,True,0,5364,,0.023495099994761404
rand-45,50,41,3296,tienks.cpp,True,0,3296,,0.023097600002074614
rand-45,50,41,3296,TIENKS.cpp,True,0,3296,,0.0220439000040642
rand-45,50,41,3296,TIENKS.cpp,True,0,3296,,0.0206737000044086
rand-45,50,41,3296,TIENKS.cpp,True,0,3296,,0.022381899994798005
rand-45,50,41,3296,TIENKS.cpp,True,0,3296,,0.032966899998427834
rand-45,50,41,3296,TIENKS.cpp,True,0,3296,,0.02144640000187792
rand-46,51,54,4637,tienks.cpp,True,0,4637,,0.019250500001362525
rand-46,51,54,4637,TIENKS.cpp,True,0,4637,,0.021671900001820177
rand-46,51,54,4637,TIENKS.cpp,True,0,4637,,0.02353949999815086
rand-46,51,54,4637,TIENKS.cpp,True,0,4637,,0.019465899997157976
rand-46,51,54,4637,TIENKS.cpp,True,0,4637,,0.03229509999800939
rand-46,51,54,4637,TIENKS.cpp,True,0,4637,,0.028417300003638957
rand-47,52,1,802,tienks.cpp,True,0,802,,0.05456660000345437
rand-47,52,1,802,TIENKS.cpp,True,0,802,,0.06308449999778531
rand-47,52,1,802,TIENKS.cpp,True,0,802,,0.06751010000152746
rand-47,52,1,802,TIENKS.cpp,True,0,802,,0.022676100001262967
rand-47,52,1,802,TIENKS.cpp,True,0,802,,0.028137300003436394
rand-47,52,1,802,TIENKS.cpp,True,0,802,,0.026494099998672027
rand-48,53,87,4654,tienks.cpp,True,0,4654,,0.026711400001659058
rand-48,53,87,4654,TIENKS.cpp,True,0,4654,,0.01867800000036368
rand-48,53,87,4654,TIENKS.cpp,True,0,4654,,0.044440099998610094
rand-48,53,87,4654,TIENKS.cpp,True,0,4654,,0.03616840000177035
rand-48,53,87,4654,TIENKS.cpp,True,0,4654,,0.034266299997398164
rand-48,53,87,4654,TIENKS.cpp,True,0,4654,,0.042310799995902926
rand-49,54,22,3926,tienks.cpp,True,0,3926,,0.029081699998641852
rand-49,54,22,3926,TIENKS.cpp,True,0,3926,,0.02249810000648722
rand-49,54,22,3926,TIENKS.cpp,True,0,3926,,0.024080000002868474
rand-49,54,22,3926,TIENKS.cpp,True,0,3926,,0.023313000005146023
rand-49,54,22,3926,TIENKS.cpp,True,0,3926,,0.02014700000290759
rand-49,54,22,3926,TIENKS.cpp,True,0,3926,,0.029787100000248756
rand-50,55,44,4619,tienks.cpp,True,0,4619,,0.02248929999768734
rand-50,55,44,4619,TIENKS.cpp,True,0,4619,,0.024955699998827185
rand-50,55,44,4619,TIENKS.cpp,True,0,4619,,0.02459449999878416
rand-50,55,44,4619,TIENKS.cpp,True,0,4619,,0.04429840000375407
rand-50,55,44,4619,TIENKS.cpp,True,0,4619,,0.044839000001957174
rand-50,55,44,4619,TIENKS.cpp,True,0,4619,,0.01885480000055395
rand-51,56,37,4268,tienks.cpp,True,0,4268,,0.023927000002004206
rand-51,56,37,4268,TIENKS.cpp,True,0,4268,,0.018375499996182043
rand-51,56,37,4268,TIENKS.cpp,True,0,4268,,0.025505699995846953
rand-51,56,37,4268,TIENKS.cpp,True,0,4268,,0.019259799999417737
rand-51,56,37,4268,TIENKS.cpp,True,0,4268,,0.025139900004433002
rand-51,56,37,4268,TIENKS.cpp,True,0,4268,,0.026179799999226816
rand-52,57,73,3886,tienks.cpp,True,0,3886,,0.021904699999140576
rand-52,57,73,3886,TIENKS.cpp,True,0,3886,,0.02316419999988284
rand-52,57,73,3886,TIENKS.cpp,True,0,3886,,0.022887500002980232
rand-52,57,73,3886,TIENKS.cpp,True,0,3886,,0.02559619999374263
rand-52,57,73,3886,TIENKS.cpp,True,0,3886,,0.02004049999959534
rand-52,57,73,3886,TIENKS.cpp,True,0,3886,,0.02614460000040708
rand-53,58,81,5230,tienks.cpp,True,0,5230,,0.024820899998303503
rand-53,58,81,5230,TIENKS.cpp,True,0,5230,,0.02252240000234451
rand-53,58,81,5230,TIENKS.cpp,True,0,5230,,0.021074799995403737
rand-53,58,81,5230,TIENKS.cpp,True,0,5230,,0.02727459999732673
rand-53,58,81,5230,TIENKS.cpp,True,0,5230,,0.0569517000039923
rand-53,58,81,5230,TIENKS.cpp,True,0,5230,,0.06649549999565352
rand-54,59,30,3188,tienks.cpp,True,0,3188,,0.026230100003886037
rand-54,59,30,3188,TIENKS.cpp,True,0,3188,,0.02749020000192104
rand-54,59,30,3188,TIENKS.cpp,True,0,3188,,0.019966699997894466
rand-54,59,30,3188,TIENKS.cpp,True,0,3188,,0.030140199996822048
rand-54,59,30,3188,TIENKS.cpp,True,0,3188,,0.02165450000029523
rand-54,59,30,3188,TIENKS.cpp,True,0,3188,,0.023521499999333173
rand-55,60,74,6705,tienks.cpp,True,0,6705,,0.024765399997704662
rand-55,60,74,6705,TIENKS.cpp,True,0,6705,,0.01958030000241706
rand-55,60,74,6705,TIENKS.cpp,True,0,6705,,0.02978659999644151
rand-55,60,74,6705,TIENKS.cpp,True,0,6705,,0.027440600002591964
rand-55,60,74,6705,TIENKS.cpp,True,0,6705,,0.02124760000151582
rand-55,60,74,6705,TIENKS.cpp,True,0,6705,,0.026240700004564133
rand-56,61,17,3423,tienks.cpp,True,0,3423,,0.031124699999054428
rand-56,61,17,3423,TIENKS.cpp,True,0,3423,,0.06177610000304412
rand-56,61,17,3423,TIENKS.cpp,True,0,3423,,0.1629174999980023
rand-56,61,17,3423,TIENKS.cpp,True,0,3423,,0.07064399999944726
rand-56,61,17,3423,TIENKS.cpp,True,0,3423,,0.06780150000122376
rand-56,61,17,3423,TIENKS.cpp,True,0,3423,,0.05364499999996042
rand-57,62,65,4444,tienks.cpp,True,0,4444,,0.02877930000249762
rand-57,62,65,4444,TIENKS.cpp,True,0,4444,,0.024343600001884624
rand-57,62,65,4444,TIENKS.cpp,True,0,4444,,0.042511599996942095
rand-57,62,65,4444,TIENKS.cpp,True,0,4444,,0.03284379999968223
rand-57,62,65,4444,TIENKS.cpp,True,0,4444,,0.02538990000175545
rand-57,62,65,4444,TIENKS.cpp,True,0,4444,,0.021263499998894986
rand-58,63,74,5145,tienks.cpp,True,0,5145,,0.04575699999986682
rand-58,63,74,5145,TIENKS.cpp,True,0,5145,,0.054553200003283564
rand-58,63,74,5145,TIENKS.cpp,True,0,5145,,0.03739269999641692
rand-58,63,74,5145,TIENKS.cpp,True,0,5145,,0.04642030000104569
rand-58,63,74,5145,TIENKS.cpp,True,0,5145,,0.026144399998884182
rand-58,63,74,5145,TIENKS.cpp,True,0,5145,,0.03790130000561476
rand-59,64,28,4341,tienks.cpp,True,0,4341,,0.029762799997115508
rand-59,64,28,4341,TIENKS.cpp,True,0,4341,,0.027943800007051323
rand-59,64,28,4341,TIENKS.cpp,True,0,4341,,0.03901670000050217
rand-59,64,28,4341,TIENKS.cpp,True,0,4341,,0.04341330000170274
rand-59,64,28,4341,TIENKS.cpp,True,0,4341,,0.031001799994555768
rand-59,64,28,4341,TIENKS.cpp,True,0,4341,,0.035289599996758625
rand-60,65,55,7478,tienks.cpp,True,0,7478,,0.03459930000099121
rand-60,65,55,7478,TIENKS.cpp,True,0,7478,,0.029602800001157448
rand-60,65,55,7478,TIENKS.cpp,True,0,7478,,0.0271394999945187
rand-60,65,55,7478,TIENKS.cpp,True,0,7478,,0.025135399999271613
rand-60,65,55,7478,TIENKS.cpp,True,0,7478,,0.02406669999618316
rand-60,65,55,7478,TIENKS.cpp,True,0,7478,,0.037630700004228856
rand-61,66,54,5475,tienks.cpp,True,0,5475,,0.03652380000130506
rand-61,66,54,5475,TIENKS.cpp,True,0,5475,,0.03529539999726694
rand-61,66,54,5475,TIENKS.cpp,True,0,5475,,0.022564899998542387
rand-61,66,54,5475,TIENKS.cpp,True,0,5475,,0.033193800001754425
rand-61,66,54,5475,TIENKS.cpp,True,0,5475,,0.02501499999925727
rand-61,66,54,5475,TIENKS.cpp,True,0,5475,,0.05101779999677092
rand-62,67,36,2925,tienks.cpp,True,0,2925,,0.21467390000179876
rand-62,67,36,2925,TIENKS.cpp,True,0,2925,,0.03673460000572959
rand-62,67,36,2925,TIENKS.cpp,True,0,2925,,0.047834599994530436
rand-62,67,36,2925,TIENKS.cpp,True,0,2925,,0.024653799999214243
rand-62,67,36,2925,TIENKS.cpp,True,0,2925,,0.018946299998788163
rand-62,67,36,2925,TIENKS.cpp,True,0,2925,,0.04681880000134697
rand-63,68,3,835,tienks.cpp,True,0,835,,0.025978600002417807
rand-63,68,3,835,TIENKS.cpp,True,0,835,,0.03399189999618102
rand-63,68,3,835,TIENKS.cpp,True,0,835,,0.027546700002858415
rand-63,68,3,835,TIENKS.cpp,True,0,835,,0.021313899997039698
rand-63,68,3,835,TIENKS.cpp,True,0,835,,0.036743600001500454
rand-63,68,3,835,TIENKS.cpp,True,0,835,,0.027188700005353894
rand-64,69,93,7476,tienks.cpp,True,0,7476,,0.03467030000319937
rand-64,69,93,7476,TIENKS.cpp,True,0,7476,,0.027590500001679175
rand-64,69,93,7476,TIENKS.cpp,True,0,7476,,0.023112599999876693
rand-64,69,93,7476,TIENKS.cpp,True,0,7476,,0.038020400003006216
rand-64,69,93,7476,TIENKS.cpp,True,0,7476,,0.03885479999735253
rand-64,69,93,7476,TIENKS.cpp,True,0,7476,,0.034280200001376215
rand-65,70,29,1977,tienks.cpp,True,0,1977,,0.03086310000071535
rand-65,70,29,1977,TIENKS.cpp,True,0,1977,,0.05782090000138851
rand-65,70,29,1977,TIENKS.cpp,True,0,1977,,0.030839700004435144
rand-65,70,29,1977,TIENKS.cpp,True,0,1977,,0.035744599997997284
rand-65,70,29,1977,TIENKS.cpp,True,0,1977,,0.02696250000008149
rand-65,70,29,1977,TIENKS.cpp,True,0,1977,,0.026647400001820643
rand-66,71,8,1863,tienks.cpp,True,0,1863,,0.028106499994464684
rand-66,71,8,1863,TIENKS.cpp,True,0,1863,,0.03046390000235988
rand-66,71,8,1863,TIENKS.cpp,True,0,1863,,0.027375600002415013
rand-66,71,8,1863,TIENKS.cpp,True,0,1863,,0.06224800000200048
rand-66,71,8,1863,TIENKS.cpp,True,0,1863,,0.04477970000152709
rand-66,71,8,1863,TIENKS.cpp,True,0,1863,,0.05030109999643173
rand-67,72,67,5295,tienks.cpp,True,0,5295,,0.0739871999976458
rand-67,72,67,5295,TIENKS.cpp,True,0,5295,,0.05009029999928316
rand-67,72,67,5295,TIENKS.cpp,True,0,5295,,0.07932209999853512
rand-67,72,67,5295,TIENKS.cpp,True,0,5295,,0.02300729999842588
rand-67,72,67,5295,TIENKS.cpp,True,0,5295,,0.035688299998582806
rand-67,72,67,5295,TIENKS.cpp,True,0,5295,,0.025885100003506523
rand-68,73,57,4932,tienks.cpp,True,0,4932,,0.026673000000300817
rand-68,73,57,4932,TIENKS.cpp,True,0,4932,,0.02235379999910947
rand-68,73,57,4932,TIENKS.cpp,True,0,4932,,0.02504140000382904
rand-68,73,57,4932,TIENKS.cpp,True,0,4932,,0.10049569999682717
rand-68,73,57,4932,TIENKS.cpp,True,0,4932,,0.2672208999938448
rand-68,73,57,4932,TIENKS.cpp,True,0,4932,,0.02363809999951627
rand-69,74,26,2153,tienks.cpp,True,0,2153,,0.025371600000653416
rand-69,74,26,2153,TIENKS.cpp,True,0,2153,,0.023053500000969507
rand-69,74,26,2153,TIENKS.cpp,True,0,2153,,0.022364600001310464
rand-69,74,26,2153,TIENKS.cpp,True,0,2153,,0.021592600001895335
rand-69,74,26,2153,TIENKS.cpp,True,0,2153,,0.020469600000069477
rand-69,74,26,2153,TIENKS.cpp,True,0,2153,,0.024511099996743724
rand-70,75,58,5854,tienks.cpp,True,0,5854,,0.020738899998832494
rand-70,75,58,5854,TIENKS.cpp,True,0,5854,,0.023992299997189548
rand-70,75,58,5854,TIENKS.cpp,True,0,5854,,0.021359100006520748
rand-70,75,58,5854,TIENKS.cpp,True,0,5854,,0.02065020000009099
rand-70,75,58,5854,TIENKS.cpp,True,0,5854,,0.03301140000257874
rand-70,75,58,5854,TIENKS.cpp,True,0,5854,,0.021490700004505925
rand-71,76,35,3216,tienks.cpp,True,0,3216,,0.020039399998495355
rand-71,76,35,3216,TIENKS.cpp,True,0,3216,,0.02414140000473708
rand-71,76,35,3216,TIENKS.cpp,True,0,3216,,0.022845200001029298
rand-71,76,35,3216,TIENKS.cpp,True,0,3216,,0.03402959999948507
rand-71,76,35,3216,TIENKS.cpp,True,0,3216,,0.023821299997507595
rand-71,76,35,3216,TIENKS.cpp,True,0,3216,,0.02750029999879189
rand-72,77,70,4348,tienks.cpp,True,0,4348,,0.025112700001045596
rand-72,77,70,4348,TIENKS.cpp,True,0,4348,,0.02060929999424843
rand-72,77,70,4348,TIENKS.cpp,True,0,4348,,0.02418720000423491
rand-72,77,70,4348,TIENKS.cpp,True,0,4348,,0.02182380000158446
rand-72,77,70,4348,TIENKS.cpp,True,0,4348,,0.02169290000165347
rand-72,77,70,4348,TIENKS.cpp,True,0,4348,,0.018839899996237364
rand-73,78,62,7244,tienks.cpp,True,0,7244,,0.24878929999977117
rand-73,78,62,7244,TIENKS.cpp,True,0,7244,,0.06229919999896083
rand-73,78,62,7244,TIENKS.cpp,True,0,7244,,0.04993990000366466
rand-73,78,62,7244,TIENKS.cpp,True,0,7244,,0.027858400004333816
rand-73,78,62,7244,TIENKS.cpp,True,0,7244,,0.02603419999650214
rand-73,78,62,7244,TIENKS.cpp,True,0,7244,,0.027495499998622108
rand-74,79,15,2256,tienks.cpp,True,0,2256,,0.022621299998718314
rand-74,79,15,2256,TIENKS.cpp,True,0,2256,,0.02429649999976391
rand-74,79,15,2256,TIENKS.cpp,True,0,2256,,0.03771950000373181
rand-74,79,15,2256,TIENKS.cpp,True,0,2256,,0.02932969999528723
rand-74,79,15,2256,TIENKS.cpp,True,0,2256,,0.021800900001835544
rand-74,79,15,2256,TIENKS.cpp,True,0,2256,,0.021780600000056438
rand-75,80,11,1602,tienks.cpp,True,0,1602,,0.02274310000211699
rand-75,80,11,1602,TIENKS.cpp,True,0,1602,,0.01941380000062054
rand-75,80,11,1602,TIENKS.cpp,True,0,1602,,0.02128649999940535
rand-75,80,11,1602,TIENKS.cpp,True,0,1602,,0.02076199999282835
rand-75,80,11,1602,TIENKS.cpp,True,0,1602,,0.02292459999443963
rand-75,80,11,1602,TIENKS.cpp,True,0,1602,,0.03206830000272021
rand-76,81,21,1960,tienks.cpp,True,0,1960,,0.019703899997693952
rand-76,81,21,1960,TIENKS.cpp,True,0,1960,,0.02879189999657683
rand-76,81,21,1960,TIENKS.cpp,True,0,1960,,0.02224469999782741
rand-76,81,21,1960,TIENKS.cpp,True,0,1960,,0.02271409999957541
rand-76,81,21,1960,TIENKS.cpp,True,0,1960,,0.02410329999838723
rand-76,81,21,1960,TIENKS.cpp,True,0,1960,,0.03283409999858122
rand-77,82,99,8592,tienks.cpp,True,0,8592,,0.027442200000223238
rand-77,82,99,8592,TIENKS.cpp,True,0,8592,,0.04013200000190409
rand-77,82,99,8592,TIENKS.cpp,True,0,8592,,0.03290299999935087
rand-77,82,99,8592,TIENKS.cpp,True,0,8592,,0.0535087999960524
rand-77,82,99,8592,TIENKS.cpp,True,0,8592,,0.026578899996820837
rand-77,82,99,8592,TIENKS.cpp,True,0,8592,,0.02427690000331495
rand-78,83,33,4043,tienks.cpp,True,0,4043,,0.028185799994389527
rand-78,83,33,4043,TIENKS.cpp,True,0,4043,,0.01973829999769805
rand-78,83,33,4043,TIENKS.cpp,True,0,4043,,0.02963399999862304
rand-78,83,33,4043,TIENKS.cpp,True,0,4043,,0.024246799999673385
rand-78,83,33,4043,TIENKS.cpp,True,0,4043,,0.019011399999726564
rand-78,83,33,4043,TIENKS.cpp,True,0,4043,,0.047682199998234864
rand-79,84,100,5712,tienks.cpp,True,0,5712,,0.07631839999521617
rand-79,84,100,5712,TIENKS.cpp,True,0,5712,,0.03636259999620961
rand-79,84,100,5712,TIENKS.cpp,True,0,5712,,0.03761320000194246
rand-79,84,100,5712,TIENKS.cpp,True,0,5712,,0.031272400003217626
rand-79,84,100,5712,TIENKS.cpp,True,0,5712,,0.02406850000261329
rand-79,84,100,5712,TIENKS.cpp,True,0,5712,,0.023184900004707742
rand-80,85,49,5233,tienks.cpp,True,0,5233,,0.027977800004009623
rand-80,85,49,5233,TIENKS.cpp,True,0,5233,,0.026332100002036896
rand-80,85,49,5233,TIENKS.cpp,True,0,5233,,0.04799269999784883
rand-80,85,49,5233,TIENKS.cpp,True,0,5233,,0.32748610000271583
rand-80,85,49,5233,TIENKS.cpp,True,0,5233,,0.025393199997779448
rand-80,85,49,5233,TIENKS.cpp,True,0,5233,,0.028817500002332963
rand-81,86,14,2585,tienks.cpp,True,0,2585,,0.021304900001268834
rand-81,86,14,2585,TIENKS.cpp,True,0,2585,,0.020965800002159085
rand-81,86,14,2585,TIENKS.cpp,True,0,2585,,0.022057799993490335
rand-81,86,14,2585,TIENKS.cpp,True,0,2585,,0.023642200001631863
rand-81,86,14,2585,TIENKS.cpp,True,0,2585,,0.039300999997067265
rand-81,86,14,2585,TIENKS.cpp,True,0,2585,,0.022737200000847224
rand-82,87,89,7358,tienks.cpp,True,0,7358,,0.02202160000160802
rand-82,87,89,7358,TIENKS.cpp,True,0,7358,,0.023075599994626828
rand-82,87,89,7358,TIENKS.cpp,True,0,7358,,0.0360207999983686
rand-82,87,89,7358,TIENKS.cpp,True,0,7358,,0.0262631000005058
rand-82,87,89,7358,TIENKS.cpp,True,0,7358,,0.04025600000022678
rand-82,87,89,7358,TIENKS.cpp,True,0,7358,,0.03167089999624295
rand-83,88,57,6736,tienks.cpp,True,0,6736,,0.04015140000410611
rand-83,88,57,6736,TIENKS.cpp,True,0,6736,,0.028439499998057727
rand-83,88,57,6736,TIENKS.cpp,True,0,6736,,0.0905681000003824
rand-83,88,57,6736,TIENKS.cpp,True,0,6736,,0.040590299999166746
rand-83,88,57,6736,TIENKS.cpp,True,0,6736,,0.025541500006511342
rand-83,88,57,6736,TIENKS.cpp,True,0,6736,,0.024948300000687595
rand-84,89,60,6621,tienks.cpp,True,0,6621,,0.02926780000416329
rand-84,89,60,6621,TIENKS.cpp,True,0,6621,,0.024842200000421144
rand-84,89,60,6621,TIENKS.cpp,True,0,6621,,0.02553259999695001
rand-84,89,60,6621,TIENKS.cpp,True,0,6621,,0.02342270000372082
rand-84,89,60,6621,TIENKS.cpp,True,0,6621,,0.0268320000031963
rand-84,89,60,6621,TIENKS.cpp,True,0,6621,,0.03367979999893578
rand-85,90,85,6390,tienks.cpp,True,0,6390,,0.02472739999939222
rand-85,90,85,6390,TIENKS.cpp,True,0,6390,,0.02678320000268286
rand-85,90,85,6390,TIENKS.cpp,True,0,6390,,0.039968799996131565
rand-85,90,85,6390,TIENKS.cpp,True,0,6390,,0.019982700003311038
rand-85,90,85,6390,TIENKS.cpp,True,0,6390,,0.023802099996828474
rand-85,90,85,6390,TIENKS.cpp,True,0,6390,,0.02341840000008233
rand-86,91,60,4204,tienks.cpp,True,0,4204,,0.022169199997733813
rand-86,91,60,4204,TIENKS.cpp,True,0,4204,,0.03477079999720445
rand-86,91,60,4204,TIENKS.cpp,True,0,4204,,0.027249200000369456
rand-86,91,60,4204,TIENKS.cpp,True,0,4204,,0.041260300000431016
rand-86,91,60,4204,TIENKS.cpp,True,0,4204,,0.021420199998829048
rand-86,91,60,4204,TIENKS.cpp,True,0,4204,,0.02275060000101803
rand-87,92,23,3953,tienks.cpp,True,0,3953,,0.022932400002900977
rand-87,92,23,3953,TIENKS.cpp,True,0,3953,,0.02358299999468727
rand-87,92,23,3953,TIENKS.cpp,True,0,3953,,0.024655100001837127
rand-87,92,23,3953,TIENKS.cpp,True,0,3953,,0.03048059999855468
rand-87,92,23,3953,TIENKS.cpp,True,0,3953,,0.01910630000202218
rand-87,92,23,3953,TIENKS.cpp,True,0,3953,,0.02136459999746876
rand-88,93,58,4926,tienks.cpp,True,0,4926,,0.019932399998651817
rand-88,93,58,4926,TIENKS.cpp,True,0,4926,,0.017999899995629676
rand-88,93,58,4926,TIENKS.cpp,True,0,4926,,0.051170999999158084
rand-88,93,58,4926,TIENKS.cpp,True,0,4926,,0.043501100000867154
rand-88,93,58,4926,TIENKS.cpp,True,0,4926,,0.025184700003592297
rand-88,93,58,4926,TIENKS.cpp,True,0,4926,,0.022221399995032698
rand-89,94,64,5502,tienks.cpp,True,0,5502,,0.020449900002859067
rand-89,94,64,5502,TIENKS.cpp,True,0,5502,,0.032090699998661876
rand-89,94,64,5502,TIENKS.cpp,True,0,5502,,0.029906200004916172
rand-89,94,64,5502,TIENKS.cpp,True,0,5502,,0.028054700000211596
rand-89,94,64,5502,TIENKS.cpp,True,0,5502,,0.028134600004705135
rand-89,94,64,5502,TIENKS.cpp,True,0,5502,,0.026523499996983446
rand-90,95,6,1517,tienks.cpp,True,0,1517,,0.030175200001394842
rand-90,95,6,1517,TIENKS.cpp,True,0,1517,,0.023864599999797065
rand-90,95,6,1517,TIENKS.cpp,True,0,1517,,0.031492500005697366
rand-90,95,6,1517,TIENKS.cpp,True,0,1517,,0.029266400000778958
rand-90,95,6,1517,TIENKS.cpp,True,0,1517,,0.060323300000163727
rand-90,95,6,1517,TIENKS.cpp,True,0,1517,,0.05587139999988722
rand-91,96,94,6072,tienks.cpp,True,0,6072,,0.04478199999721255
rand-91,96,94,6072,TIENKS.cpp,True,0,6072,,0.03341319999890402
rand-91,96,94,6072,TIENKS.cpp,True,0,6072,,0.028290000002016313
rand-91,96,94,6072,TIENKS.cpp,True,0,6072,,0.02083639999909792
rand-91,96,94,6072,TIENKS.cpp,True,0,6072,,0.031005099997855723
rand-91,96,94,6072,TIENKS.cpp,True,0,6072,,0.02395760000217706
rand-92,97,88,4222,tienks.cpp,True,0,4222,,0.028940100004547276
rand-92,97,88,4222,TIENKS.cpp,True,0,4222,,0.0250951999987592
rand-92,97,88,4222,TIENKS.cpp,True,0,4222,,0.021984200000588316
rand-92,97,88,4222,TIENKS.cpp,True,0,4222,,0.024188100003811996
rand-92,97,88,4222,TIENKS.cpp,True,0,4222,,0.026695300002756994
rand-92,97,88,4222,TIENKS.cpp,True,0,4222,,0.030310599999211263
rand-93,98,84,7742,tienks.cpp,True,0,7742,,0.027455200004624203
rand-93,98,84,7742,TIENKS.cpp,True,0,7742,,0.026951499996357597
rand-93,98,84,7742,TIENKS.cpp,True,0,7742,,0.027898599997570273
rand-93,98,84,7742,TIENKS.cpp,True,0,7742,,0.05538119999982882
rand-93,98,84,7742,TIENKS.cpp,True,0,7742,,0.024935099994763732
rand-93,98,84,7742,TIENKS.cpp,True,0,7742,,0.024761699998634867
rand-94,99,50,4770,tienks.cpp,True,0,4770,,0.023354199998721015
rand-94,99,50,4770,TIENKS.cpp,True,0,4770,,0.01891760000580689
rand-94,99,50,4770,TIENKS.cpp,True,0,4770,,0.02163309999741614
rand-94,99,50,4770,TIENKS.cpp,True,0,4770,,0.023334299999987707
rand-94,99,50,4770,TIENKS.cpp,True,0,4770,,0.0390382999976282
rand-94,99,50,4770,TIENKS.cpp,True,0,4770,,0.036155699999653734
